id,franchise,title,date,gross,rating
tt1245112,[REC],[Rec] 2,7/14/09,23266821,68
tt1649444,[REC],[REC] 3: Genesis,9/7/12,7250600,40
tt1649443,[REC],[REC] 4: Apocalypse,1/2/15,330894,71
tt0078748,Alien,Alien,5/25/79,203630630,97
tt0090605,Alien,Aliens,7/18/86,183316455,99
tt0118583,Alien,Alien: Resurrection,11/26/97,160700000,54
tt0370263,Alien,AVP: Alien vs. Predator,8/13/04,172543519,20
tt0758730,Alien,Aliens vs. Predator: Requiem,12/25/07,128884494,11
tt1446714,Alien,Prometheus,6/8/12,402448265,73
tt2316204,Alien,Alien: Covenant,5/19/17,238521247,66
tt0952640,Alvin and the Chipmunks,Alvin and the Chipmunks,12/14/07,362605033,28
tt1231580,Alvin and the Chipmunks,Alvin and the Chipmunks: The Squeakquel,12/23/09,443483213,20
tt1615918,Alvin and the Chipmunks,Alvin and the Chipmunks: Chipwrecked,12/16/11,349088523,11
tt2974918,Alvin and the Chipmunks,Alvin and the Chipmunks: The Road Chip,12/18/15,249517956,15
tt0163651,American Pie,American Pie,7/9/99,234723148,61
tt0252866,American Pie,American Pie 2,8/10/01,286500000,52
tt0328828,American Pie,American Wedding,8/1/03,126425115,54
tt1605630,American Pie,American Reunion,4/6/12,236799211,45
tt0078767,Amityville,The Amityville Horror,8/3/79,86432520,30
tt0083550,Amityville,Amityville II: The Possession,9/24/82,11328000,6
tt0085159,Amityville,Amityville 3-D,11/18/83,6333135,5
tt0384806,Amityville,The Amityville Horror,4/15/05,109175673,24
tt1935897,Amityville,Amityville: The Awakening,10/28/17,7701908,28
tt0096895,Batman,Batman,6/23/89,411348924,72
tt0103776,Batman,Batman Returns,6/18/92,266824291,80
tt0106364,Batman,Batman: Mask of the Phantasm,12/25/93,5617391,83
tt0112462,Batman,Batman Forever,6/16/95,336529144,39
tt0118688,Batman,Batman & Robin,6/20/97,238317814,10
tt0372784,Batman,Batman Begins,6/15/05,359142722,84
tt0468569,Batman,The Dark Knight,7/18/08,1001996207,94
tt1345836,Batman,The Dark Knight Rises,7/20/12,1084439099,87
tt2975590,Batman,Batman v Superman: Dawn of Justice,3/25/16,867500281,27
tt0071206,Benji,Benji,11/15/74,31559560,86
tt0092638,Benji,Benji the Hunted,6/5/87,15212539,56
tt0315273,Benji,Benji: Off the Leash!,8/20/04,3817362,33
tt0258463,Bourne,The Bourne Identity,6/14/02,214357371,83
tt0372183,Bourne,The Bourne Supremacy,7/23/04,311001124,81
tt0440963,Bourne,The Bourne Ultimatum,8/3/07,444043396,92
tt1194173,Bourne,The Bourne Legacy,8/10/12,280355920,56
tt4196776,Bourne,Jason Bourne,7/29/16,416168316,54
tt0086366,Cheech & Chong,Still Smokin,5/6/83,15543000,11
tt0094862,Child's Play,Child's Play,11/9/88,44196684,67
tt0099253,Child's Play,Child's Play 2,11/9/90,34166572,40
tt0103956,Child's Play,Child's Play 3,8/30/91,19850380,23
tt0144120,Child's Play,Bride of Chucky,10/16/98,50692188,46
tt0387575,Child's Play,Seed of Chucky,11/12/04,24716190,32
tt0770828,DC Extended Universe,Man of Steel,6/14/13,667999518,56
tt2975590,DC Extended Universe,Batman v Superman: Dawn of Justice,3/25/16,867500281,27
tt1386697,DC Extended Universe,Suicide Squad,8/5/16,746059887,27
tt0451279,DC Extended Universe,Wonder Woman,6/2/17,821133378,93
tt0974015,DC Extended Universe,Justice League,11/17/17,655945209,40
tt1477834,DC Extended Universe,Aquaman,12/21/18,1139091051,65
tt0071402,Death Wish,Death Wish,7/1/74,22000000,65
tt0089003,Death Wish,Death Wish 3,11/1/85,16116878,6
tt0092857,Death Wish,Death Wish 4: The Crackdown,11/6/87,6880310,14
tt1323594,Despicable Me,Despicable Me,7/9/10,543464573,81
tt1690953,Despicable Me,Despicable Me 2,7/3/13,975216835,74
tt2293640,Despicable Me,Minions,7/10/15,1160336173,56
tt3469046,Despicable Me,Despicable Me 3,6/30/17,1034822373,59
tt1196141,Diary of a Wimpy Kid,Diary of a Wimpy Kid,3/19/10,76954311,52
tt1650043,Diary of a Wimpy Kid,Diary of a Wimpy Kid: Rodrick Rules,3/25/11,73695194,47
tt2023453,Diary of a Wimpy Kid,Diary of a Wimpy Kid: Dog Days,8/3/12,77229695,51
tt6003368,Diary of a Wimpy Kid,Diary of a Wimpy Kid: The Long Haul,5/19/17,35609577,19
tt0095016,Die Hard,Die Hard,7/15/88,139109346,93
tt0099423,Die Hard,Die Hard 2,7/3/90,239814025,68
tt0112864,Die Hard,Die Hard with a Vengeance,5/19/95,366101666,53
tt0337978,Die Hard,Live Free or Die Hard,6/27/07,382288147,82
tt1606378,Die Hard,A Good Day to Die Hard,2/14/13,304249198,15
tt0066999,Dirty Harry,Dirty Harry,12/24/71,28153434,93
tt0070355,Dirty Harry,Magnum Force,12/28/73,44680473,81
tt0074483,Dirty Harry,The Enforcer,12/22/76,46200000,79
tt0086383,Dirty Harry,Sudden Impact,12/9/83,67642693,57
tt0094963,Dirty Harry,The Dead Pool,7/13/88,37903000,57
tt0092974,Ernest,Ernest Goes to Camp,5/22/87,23509382,62
tt0095107,Ernest,Ernest Saves Christmas,11/11/88,28202109,36
tt0099512,Ernest,Ernest Goes to Jail,4/6/90,25029569,13
tt0101821,Ernest,Ernest Scared Stupid,10/11/91,14143280,17
tt0106827,Ernest,Ernest Rides Again,11/12/93,1433496,14
tt0083907,Evil Dead,The Evil Dead,4/15/83,29400000,95
tt0092991,Evil Dead,Evil Dead II,3/13/87,5926177,98
tt1288558,Evil Dead,Evil Dead,4/5/13,97778356,62
tt0232500,Fast and the Furious,The Fast and the Furious,6/22/01,206512310,53
tt0322259,Fast and the Furious,2 Fast 2 Furious,6/6/03,236410607,36
tt0463985,Fast and the Furious,The Fast and the Furious: Tokyo Drift,6/16/06,157794205,36
tt1013752,Fast and the Furious,Fast & Furious,4/3/09,363064265,29
tt1596343,Fast and the Furious,Fast Five,4/29/11,630163454,77
tt1905041,Fast and the Furious,Fast & Furious 6,5/24/13,789300444,70
tt2820852,Fast and the Furious,Furious 7,4/3/15,1518722794,81
tt4630562,Fast and the Furious,The Fate of the Furious,4/14/17,1234846267,67
tt0195714,Final Destination,Final Destination,3/17/00,112036870,34
tt0309593,Final Destination,Final Destination 2,1/31/03,90396664,48
tt0414982,Final Destination,Final Destination 3,2/10/06,112798051,43
tt1144884,Final Destination,The Final Destination,8/28/09,187384627,28
tt1622979,Final Destination,Final Destination 5,8/12/11,155011165,62
tt0080761,Friday the 13th,Friday the 13th,5/9/80,59754601,63
tt0082418,Friday the 13th,Friday the 13th Part 2,4/30/81,21722776,34
tt0087298,Friday the 13th,Friday the 13th: The Final Chapter,4/13/84,32980880,25
tt0091080,Friday the 13th,Friday the 13th Part VI: Jason Lives,8/1/86,19472057,52
tt0095179,Friday the 13th,Friday the 13th Part VII: The New Blood,5/13/88,19170001,29
tt0097388,Friday the 13th,Friday the 13th Part VIII: Jason Takes Manhattan,7/28/89,14343976,8
tt0107254,Friday the 13th,Jason Goes to Hell: The Final Friday,8/13/93,15935068,24
tt0329101,Friday the 13th,Freddy vs. Jason,8/15/03,114576403,41
tt0758746,Friday the 13th,Friday the 13th,2/13/09,92670237,25
tt0063350,George A. Romero Dead,Night of the Living Dead,10/1/68,30087064,97
tt0363547,George A. Romero Dead,Dawn of the Dead,4/20/79,55000000,75
tt0088993,George A. Romero Dead,Day of the Dead,6/30/85,34004262,83
tt0418819,George A. Romero Dead,Land of the Dead,6/24/05,47751015,74
tt0848557,George A. Romero Dead,Diary of the Dead,2/15/08,5394447,61
tt1134854,George A. Romero Dead,Survival of the Dead,5/28/10,101740,30
tt0120685,Godzilla,Godzilla,5/19/98,376000000,16
tt0399102,Godzilla,Godzilla: Final Wars,5/7/04,491389,40
tt0831387,Godzilla,Godzilla,5/16/14,529076069,75
tt4262980,Godzilla,Shin Godzilla,10/11/16,75612484,85
tt0077651,Halloween,Halloween,10/17/78,70000000,95
tt0082495,Halloween,Halloween II,10/30/81,25533818,30
tt0085636,Halloween,Halloween III: Season of the Witch,10/22/82,14400000,40
tt0095271,Halloween,Halloween 4: The Return of Michael Myers,10/1/88,17768757,27
tt0097474,Halloween,Halloween 5: The Revenge of Michael Myers,10/13/89,11642254,13
tt0113253,Halloween,Halloween: The Curse of Michael Myers,9/29/95,15126948,6
tt0120694,Halloween,Halloween H20: 20 Years Later,8/5/98,55041738,52
tt0220506,Halloween,Halloween: Resurrection,7/12/02,37659652,11
tt0373883,Halloween,Halloween,8/31/07,77514401,25
tt0091474,Hannibal Lecter,Manhunter,8/15/86,8620929,94
tt0102926,Hannibal Lecter,The Silence of the Lambs,2/14/91,275726716,96
tt0212985,Hannibal Lecter,Hannibal,2/9/01,350100280,39
tt0289765,Hannibal Lecter,Red Dragon,10/4/02,206455420,68
tt0367959,Hannibal Lecter,Hannibal Rising,2/9/07,80583311,15
tt0241527,Harry Potter,Harry Potter and the Sorcerer's Stone,11/16/01,975047606,81
tt0295297,Harry Potter,Harry Potter and the Chamber of Secrets,11/15/02,879225135,82
tt0304141,Harry Potter,Harry Potter and the Prisoner of Azkaban,6/4/04,796907323,90
tt0330373,Harry Potter,Harry Potter and the Goblet of Fire,11/18/05,897099794,88
tt0373889,Harry Potter,Harry Potter and the Order of the Phoenix,7/11/07,943076457,77
tt0417741,Harry Potter,Harry Potter and the Half-Blood Prince,7/15/09,935213767,83
tt0926084,Harry Potter,Harry Potter and the Deathly Hallows: Part 1,11/19/10,960431568,78
tt1201607,Harry Potter,Harry Potter and the Deathly Hallows: Part 2,7/15/11,1341693157,96
tt3183660,Harry Potter,Fantastic Beasts and Where to Find Them,11/18/16,802402853,75
tt4123430,Harry Potter,Fantastic Beasts: The Crimes of Grindelwald,11/16/18,652220086,37
tt0093177,Hellraiser,Hellraiser,9/18/87,14575148,68
tt0104409,Hellraiser,Hellraiser III: Hell on Earth,9/11/92,12525537,41
tt0116514,Hellraiser,Hellraiser: Bloodline,3/8/96,9321492,31
tt0064603,Herbie,The Love Bug,3/13/69,50576808,75
tt0071607,Herbie,Herbie Rides Again,3/29/74,31765098,80
tt0076137,Herbie,Herbie Goes to Monte Carlo,6/24/77,28000000,67
tt0080861,Herbie,Herbie Goes Bananas,11/6/85,17000000,40
tt0400497,Herbie,Herbie Fully Loaded,6/22/05,144110682,41
tt0091203,Highlander,Highlander,3/7/86,12900000,68
tt0102034,Highlander,Highlander II: The Quickening,11/1/91,14184134,0
tt0144964,Highlander,Highlander: Endgame,9/1/00,12801190,11
tt0268380,Ice Age,Ice Age,3/15/02,386116343,77
tt0438097,Ice Age,Ice Age: The Meltdown,3/31/06,651899282,57
tt1080016,Ice Age,Ice Age: Dawn of the Dinosaurs,7/1/09,859701857,46
tt1667889,Ice Age,Ice Age: Continental Drift,7/13/12,879765137,38
tt3416828,Ice Age,Ice Age: Collision Course,7/22/16,402156682,17
tt0082971,Indiana Jones,Raiders of the Lost Ark,6/12/81,367452079,95
tt0087469,Indiana Jones,Indiana Jones and the Temple of Doom,5/23/84,333080271,85
tt0097576,Indiana Jones,Indiana Jones and the Last Crusade,5/24/89,474171806,88
tt0367882,Indiana Jones,Indiana Jones and the Kingdom of the Crystal Skull,5/22/08,786635413,78
tt1591095,Insidious,Insidious,4/1/11,99870886,66
tt2226417,Insidious,Insidious: Chapter 2,9/13/13,161921515,40
tt3195644,Insidious,Insidious: Chapter 3,6/5/15,120453155,58
tt5726086,Insidious,Insidious: The Last Key,1/5/18,167885588,32
tt0099810,Jack Ryan,The Hunt for Red October,3/2/90,200500000,88
tt0105112,Jack Ryan,Patriot Games,6/5/92,178100000,73
tt0109444,Jack Ryan,Clear and Present Danger,8/3/94,207500000,80
tt0164184,Jack Ryan,The Sum of All Fears,5/31/02,193500000,59
tt1205537,Jack Ryan,Jack Ryan: Shadow Recruit,1/17/14,131377412,56
tt0322802,Jackass,Jackass: The Movie,10/25/02,79282312,49
tt0493430,Jackass,Jackass Number Two,9/22/06,85278712,63
tt1116184,Jackass,Jackass 3D,10/15/10,171685793,65
tt3063516,Jackass,Bad Grandpa,10/25/13,160903019,60
tt0057076,James Bond,From Russia with Love,4/8/64,78900000,96
tt0058150,James Bond,Goldfinger,12/22/64,124900000,97
tt0059800,James Bond,Thunderball,12/29/65,141200000,87
tt0062512,James Bond,You Only Live Twice,6/13/67,111600000,72
tt0064757,James Bond,On Her Majesty's Secret Service,12/18/69,82000000,81
tt0066995,James Bond,Diamonds Are Forever,12/17/71,116000000,64
tt0070328,James Bond,Live and Let Die,6/27/73,161800000,67
tt0071807,James Bond,The Man with the Golden Gun,12/20/74,97600000,44
tt0076752,James Bond,The Spy Who Loved Me,7/13/77,185400000,80
tt0079574,James Bond,Moonraker,6/29/79,210300000,63
tt0082398,James Bond,For Your Eyes Only,6/26/81,195300000,73
tt0086034,James Bond,Octopussy,6/10/83,187500000,42
tt0086006,James Bond,Never Say Never Again,10/7/83,160000000,66
tt0090264,James Bond,A View to a Kill,5/24/85,152627960,37
tt0093428,James Bond,The Living Daylights,7/31/87,191200000,71
tt0097742,James Bond,Licence to Kill,7/14/89,156167015,77
tt0113189,James Bond,GoldenEye,11/17/95,356429941,78
tt0120347,James Bond,Tomorrow Never Dies,12/19/97,339504276,57
tt0143145,James Bond,The World Is Not Enough,11/19/99,361730660,51
tt0246460,James Bond,Die Another Day,11/22/02,431942139,57
tt0381061,James Bond,Casino Royale,11/17/06,594420283,94
tt0830515,James Bond,Quantum of Solace,11/14/08,591692078,65
tt1074638,James Bond,Skyfall,11/8/12,1110526981,92
tt2379713,James Bond,Spectre,11/6/15,879620923,64
tt0073195,Jaws,Jaws,6/20/75,470700000,97
tt0077766,Jaws,Jaws 2,6/16/78,208900376,57
tt0085750,Jaws,Jaws 3-D,7/22/83,42245180,10
tt0093300,Jaws,Jaws: The Revenge,7/17/87,15728335,0
tt0107290,Jurassic Park,Jurassic Park,6/11/93,1038812584,91
tt0119567,Jurassic Park,The Lost World: Jurassic Park,5/22/97,618638999,54
tt0163025,Jurassic Park,Jurassic Park III,7/18/01,365900000,50
tt0369610,Jurassic Park,Jurassic World,6/12/15,1648854864,71
tt4881806,Jurassic Park,Jurassic World: Fallen Kingdom,6/22/18,1305772799,47
tt0087538,Karate Kid,The Karate Kid,6/22/84,90815558,88
tt0091326,Karate Kid,The Karate Kid Part II,6/20/86,115103979,42
tt0097647,Karate Kid,The Karate Kid Part III,6/30/89,38793278,16
tt0110657,Karate Kid,The Next Karate Kid,8/12/94,15851228,7
tt1155076,Karate Kid,The Karate Kid,6/11/10,351774938,66
tt0024216,King Kong,King Kong,4/7/33,10000650,98
tt0091344,King Kong,King Kong Lives,12/19/86,4711220,0
tt0360717,King Kong,King Kong,12/14/05,550517357,83
tt3731562,King Kong,Kong: Skull Island,3/10/17,561072059,75
tt1490017,Lego,The Lego Movie,2/7/14,457729388,95
tt4116284,Lego,The Lego Batman Movie,2/10/17,310660018,90
tt3014284,Lego,The Lego Ninjago Movie,9/22/17,122737201,56
tt3513498,Lego,The Lego Movie 2: The Second Part,2/8/19,139108896,85
tt0093409,Lethal Weapon,Lethal Weapon,3/6/87,120192350,83
tt0097733,Lethal Weapon,Lethal Weapon 2,7/7/89,227300000,83
tt0104714,Lethal Weapon,Lethal Weapon 3,5/15/92,319700000,59
tt0122151,Lethal Weapon,Lethal Weapon 4,7/10/98,285400000,52
tt0079501,Mad Max,Mad Max,3/21/80,99750000,90
tt0082694,Mad Max,The Road Warrior,5/21/82,24600832,98
tt0089530,Mad Max,Mad Max Beyond Thunderdome,7/10/85,36230219,80
tt1392190,Mad Max,Mad Max: Fury Road,5/15/15,370098020,97
tt0351283,Madagascar,Madagascar,5/27/05,556559566,55
tt0479952,Madagascar,Madagascar: Escape 2 Africa,11/7/08,599680774,64
tt1277953,Madagascar,Madagascar 3: Europe's Most Wanted,6/8/12,746921271,79
tt1911658,Madagascar,Penguins of Madagascar,11/26/14,366942531,73
tt0422093,Madea,Diary of a Mad Black Woman,2/25/05,50458356,16
tt1142800,Madea,Madea Goes to Jail,2/20/09,90508336,28
tt1385912,Madea,I Can Do Bad All by Myself,9/11/09,51733921,63
tt1787759,Madea,Madea's Big Happy Family,4/22/11,54160818,37
tt2609758,Madea,A Madea Christmas,12/13/13,52543354,20
tt5325452,Madea,Boo! A Madea Halloween,10/21/16,73206343,20
tt6217804,Madea,Boo 2! A Madea Halloween,10/20/17,47879572,5
tt0371746,Marvel Cinematic Universe,Iron Man,5/2/08,585171547,93
tt0800080,Marvel Cinematic Universe,The Incredible Hulk,6/13/08,265573859,67
tt1228705,Marvel Cinematic Universe,Iron Man 2,5/7/10,621156389,73
tt0800369,Marvel Cinematic Universe,Thor,5/6/11,449326618,77
tt0458339,Marvel Cinematic Universe,Captain America: The First Avenger,7/22/11,370569776,80
tt0848228,Marvel Cinematic Universe,The Avengers,5/4/12,1517935897,92
tt1300854,Marvel Cinematic Universe,Iron Man 3,5/3/13,1215392272,80
tt1981115,Marvel Cinematic Universe,Thor: The Dark World,11/8/13,644602516,66
tt1843866,Marvel Cinematic Universe,Captain America: The Winter Soldier,4/4/14,714401889,89
tt2015381,Marvel Cinematic Universe,Guardians of the Galaxy,8/1/14,770867516,91
tt2395427,Marvel Cinematic Universe,Avengers: Age of Ultron,5/1/15,1403013963,75
tt0478970,Marvel Cinematic Universe,Ant-Man,7/17/15,518858449,82
tt3498820,Marvel Cinematic Universe,Captain America: Civil War,5/6/16,1140069413,91
tt1211837,Marvel Cinematic Universe,Doctor Strange,11/4/16,676404566,89
tt3896198,Marvel Cinematic Universe,Guardians of the Galaxy Vol. 2,5/5/17,862316233,84
tt2250912,Marvel Cinematic Universe,Spider-Man: Homecoming,7/7/17,880166350,92
tt3501632,Marvel Cinematic Universe,Thor: Ragnarok,11/3/17,846980024,92
tt1825683,Marvel Cinematic Universe,Black Panther,2/16/18,1348261912,97
tt4154756,Marvel Cinematic Universe,Avengers: Infinity War,4/27/18,2048797682,85
tt5095030,Marvel Cinematic Universe,Ant-Man and the Wasp,7/6/18,623144660,88
tt0117060,Mission: Impossible,Mission: Impossible,5/21/96,457697994,63
tt0120755,Mission: Impossible,Mission: Impossible II,5/24/00,549588516,57
tt0317919,Mission: Impossible,Mission: Impossible III,5/5/06,397501348,70
tt1229238,Mission: Impossible,Mission: Impossible - Ghost Protocol,12/16/11,694713230,93
tt2381249,Mission: Impossible,Mission: Impossible - Rogue Nation,7/31/15,688858992,93
tt4912910,Mission: Impossible,Mission: Impossible - Fallout,7/27/18,787456552,97
tt0079588,Muppets,The Muppet Movie,6/22/79,76657000,88
tt0082474,Muppets,The Great Muppet Caper,6/26/81,31206251,75
tt0087755,Muppets,The Muppets Take Manhattan,7/13/84,25534703,82
tt0104940,Muppets,The Muppet Christmas Carol,12/11/92,27492918,74
tt0117110,Muppets,Muppet Treasure Island,2/16/96,34327391,72
tt0158811,Muppets,Muppets from Space,7/14/99,16304786,63
tt1204342,Muppets,The Muppets,11/23/11,160971922,95
tt2281587,Muppets,Muppets Most Wanted,3/21/14,79312301,80
tt0085995,National Lampoon's Vacation,Vacation,7/29/83,61400000,93
tt0089670,National Lampoon's Vacation,European Vacation,7/26/85,49400000,38
tt0097958,National Lampoon's Vacation,Christmas Vacation,12/1/89,71319546,65
tt0120434,National Lampoon's Vacation,Vegas Vacation,2/14/97,36470465,13
tt1524930,National Lampoon's Vacation,Vacation,7/29/15,102306500,26
tt0087800,Nightmare on Elm Street,A Nightmare on Elm Street,11/9/84,25504513,94
tt0089686,Nightmare on Elm Street,A Nightmare on Elm Street 2: Freddy's Revenge,11/1/85,21163999,40
tt0093629,Nightmare on Elm Street,A Nightmare on Elm Street 3: Dream Warriors,2/27/87,44793222,74
tt0095742,Nightmare on Elm Street,A Nightmare on Elm Street 4: The Dream Master,8/19/88,49369899,55
tt0097981,Nightmare on Elm Street,A Nightmare on Elm Street 5: The Dream Child,8/11/89,22168359,32
tt0101917,Nightmare on Elm Street,Freddy's Dead: The Final Nightmare,9/13/91,34872033,20
tt0329101,Nightmare on Elm Street,Freddy vs. Jason,8/15/03,114576403,41
tt1179056,Nightmare on Elm Street,A Nightmare on Elm Street,4/30/10,117729621,15
tt5164214,Ocean's 11,Ocean's Eight,6/8/18,297115976,69
tt0496806,Ocean's 11,Ocean's Thirteen,6/8/07,311744465,70
tt0349903,Ocean's 11,Ocean's Twelve,12/10/04,362989076,55
tt0240772,Ocean's 11,Ocean's Eleven,12/7/01,450728529,82
tt1179904,Paranormal Activity,Paranormal Activity,9/25/09,194183034,83
tt1536044,Paranormal Activity,Paranormal Activity 2,10/20/10,177512032,59
tt1778304,Paranormal Activity,Paranormal Activity 3,10/21/11,207039844,68
tt2109184,Paranormal Activity,Paranormal Activity 4,10/19/12,142817992,24
tt2473682,Paranormal Activity,Paranormal Activity: The Marked Ones,1/3/14,90904854,39
tt2473510,Paranormal Activity,Paranormal Activity: The Ghost Dimension,10/23/15,77959374,15
tt0046183,Peter Pan,Peter Pan,2/5/53,87400000,79
tt0102057,Peter Pan,Hook,12/11/91,300854823,28
tt0316396,Peter Pan,Peter Pan,12/25/03,95255485,77
tt0308644,Peter Pan,Finding Neverland,11/12/04,115036108,82
tt0325980,Pirates of Carribean,Pirates of the Caribbean: The Curse of the Black Pearl,7/9/03,634954103,79
tt0383574,Pirates of Carribean,Pirates of the Caribbean: Dead Man's Chest,7/7/06,1066215812,53
tt0449088,Pirates of Carribean,Pirates of the Caribbean: At World's End,5/24/07,963420425,44
tt1298650,Pirates of Carribean,Pirates of the Caribbean: On Stranger Tides,5/20/11,1045663875,32
tt1790809,Pirates of Carribean,Pirates of the Caribbean: Dead Men Tell No Tales,5/26/17,788241137,29
tt0063442,Planet of the Apes,Planet of the Apes,2/8/68,33395426,88
tt0065462,Planet of the Apes,Beneath the Planet of the Apes,5/26/70,17489009,40
tt0067065,Planet of the Apes,Escape from the Planet of the Apes,5/21/71,12300000,77
tt0068408,Planet of the Apes,Conquest of the Planet of the Apes,6/30/72,9700000,48
tt0069768,Planet of the Apes,Battle for the Planet of the Apes,6/15/73,8800000,37
tt0133152,Planet of the Apes,Planet of the Apes,7/27/01,362211740,45
tt1318514,Planet of the Apes,Rise of the Planet of the Apes,8/5/11,470986200,81
tt2103281,Planet of the Apes,Dawn of the Planet of the Apes,7/11/14,710644566,90
tt3450958,Planet of the Apes,War for the Planet of the Apes,7/14/17,489592267,93
tt0087928,Police Academy,Police Academy,3/23/84,81198894,39
tt0089822,Police Academy,Police Academy 2: Their First Assignment,3/29/85,55337042,29
tt0091777,Police Academy,Police Academy 3: Back in Training,3/21/86,43579163,40
tt0093756,Police Academy,Police Academy 4: Citizens on Patrol,4/3/87,28061343,0
tt0095882,Police Academy,Police Academy 5: Assignment: Miami Beach,3/18/88,19510000,0
tt0098105,Police Academy,Police Academy 6: City Under Siege,3/10/89,11567000,0
tt0093773,Predator,Predator,6/12/87,98267558,80
tt0100403,Predator,Predator 2,11/21/90,54768418,27
tt0370263,Predator,AVP: Alien vs. Predator,8/13/04,172543519,20
tt0758730,Predator,Aliens vs. Predator: Requiem,12/25/07,128884494,11
tt1424381,Predator,Predators,7/9/10,127234389,65
tt3829266,Predator,The Predator,9/14/18,159487563,32
tt0083944,Rambo,First Blood,10/22/82,125212904,88
tt0089880,Rambo,Rambo: First Blood Part II,5/22/85,300400000,34
tt0095956,Rambo,Rambo III,5/25/88,188715611,39
tt0462499,Rambo,Rambo,1/25/08,112214531,37
tt0120804,Resident Evil,Resident Evil,3/15/02,103787401,34
tt0318627,Resident Evil,Resident Evil: Apocalypse,9/10/04,125168734,20
tt0432021,Resident Evil,Resident Evil: Extinction,9/21/07,149871103,23
tt1220634,Resident Evil,Resident Evil: Afterlife,9/10/10,295874190,23
tt1855325,Resident Evil,Resident Evil: Retribution,9/14/12,240647629,30
tt2592614,Resident Evil,Resident Evil: The Final Chapter,1/27/17,314101190,38
tt0075148,Rocky,Rocky,11/21/76,225000000,93
tt0084602,Rocky,Rocky III,6/15/79,200182160,65
tt0084602,Rocky,Rocky III,5/28/82,125049125,65
tt0089927,Rocky,Rocky IV,11/27/85,300373716,38
tt0100507,Rocky,Rocky V,11/16/90,119946358,26
tt0479143,Rocky,Rocky Balboa,12/20/06,156229050,77
tt3076658,Rocky,Creed,11/25/15,173567581,95
tt6343314,Rocky,Creed II,11/21/18,212646014,84
tt0387564,Saw,Saw,10/29/04,103880027,49
tt0432348,Saw,Saw II,10/28/05,152925093,36
tt0489270,Saw,Saw III,10/27/06,163876815,28
tt0890870,Saw,Saw IV,10/26/07,135759694,18
tt1132626,Saw,Saw V,10/24/08,118209778,13
tt1233227,Saw,Saw VI,10/23/09,69752402,39
tt1477076,Saw,Saw 3D: The Final Chapter,10/29/10,133735284,9
tt3348730,Saw,Jigsaw,10/27/17,102445196,35
tt0175142,Scary Movie,Scary Movie,7/7/00,277200000,53
tt0257106,Scary Movie,Scary Movie 2,7/4/01,141189101,15
tt0306047,Scary Movie,Scary Movie 3,10/24/03,155200000,35
tt0362120,Scary Movie,Scary Movie 4,4/14/06,178710620,36
tt0795461,Scary Movie,Scary Movie 5,4/12/13,78613981,4
tt0117571,Scream,Scream,12/20/96,173046663,78
tt0120082,Scream,Scream 2,12/12/97,172363301,81
tt0134084,Scream,Scream 3,2/4/00,161838076,36
tt1262416,Scream,Scream 4,4/15/11,95989590,59
tt0126029,Shrek,Shrek,5/18/01,491812794,88
tt0298148,Shrek,Shrek 2,5/19/04,937008132,89
tt0413267,Shrek,Shrek the Third,5/17/07,807330936,41
tt0892791,Shrek,Shrek Forever After,5/21/10,756244673,58
tt0448694,Shrek,Puss in Boots,10/28/11,554987477,85
tt0145487,Spider-Man,Spider-Man,5/3/02,821706375,90
tt0316654,Spider-Man,Spider-Man 2,6/30/04,795110670,93
tt0413300,Spider-Man,Spider-Man 3,5/4/07,894860230,63
tt0948470,Spider-Man,The Amazing Spider-Man,7/3/12,757890267,72
tt1872181,Spider-Man,The Amazing Spider-Man 2,5/2/14,708996336,52
tt2250912,Spider-Man,Spider-Man: Homecoming,7/7/17,880166350,92
tt0227538,Spy Kids,Spy Kids,3/30/01,197692062,93
tt0287717,Spy Kids,Spy Kids 2: Island of Lost Dreams,8/7/02,119721296,75
tt0338459,Spy Kids,Spy Kids 3-D: Game Over,7/25/03,167851995,45
tt1517489,Spy Kids,Spy Kids 4: All the Time in the World,8/19/11,80681183,22
tt0079945,Star Trek,Star Trek: The Motion Picture,12/7/79,139000000,44
tt0084726,Star Trek,Star Trek II: The Wrath of Khan,6/4/82,95800000,88
tt0088170,Star Trek,Star Trek III: The Search for Spock,6/1/84,87000000,79
tt0092007,Star Trek,Star Trek IV: The Voyage Home,11/26/86,133000000,85
tt0098382,Star Trek,Star Trek V: The Final Frontier,6/9/89,70200000,22
tt0102975,Star Trek,Star Trek VI: The Undiscovered Country,12/6/91,96900000,81
tt0111280,Star Trek,Star Trek: Generations,11/18/94,120000000,48
tt0117731,Star Trek,Star Trek: First Contact,11/22/96,150000000,93
tt0120844,Star Trek,Star Trek: Insurrection,12/11/98,117800000,55
tt0253754,Star Trek,Star Trek: Nemesis,12/13/02,67312826,37
tt0796366,Star Trek,Star Trek,5/8/09,386839614,94
tt1408101,Star Trek,Star Trek Into Darkness,5/16/13,467381584,85
tt2660888,Star Trek,Star Trek Beyond,7/22/16,335802233,85
tt0076759,Star Wars,Star Wars: Episode IV - A New Hope,5/25/77,786598007,93
tt0080684,Star Wars,Star Wars: Episode V - The Empire Strikes Back,5/21/80,534161334,95
tt0086190,Star Wars,Star Wars: Episode VI - Return of the Jedi,5/25/83,572705079,81
tt0120915,Star Wars,Star Wars: Episode I - The Phantom Menace,5/19/99,1027044677,54
tt0121765,Star Wars,Star Wars: Episode II - Attack of the Clones,5/16/02,656695615,65
tt0121766,Star Wars,Star Wars: Episode III - Revenge of the Sith,5/19/05,848998877,79
tt1185834,Star Wars,Star Wars: The Clone Wars,8/15/08,68695443,18
tt2488496,Star Wars,Star Wars: Episode VII - The Force Awakens,12/18/15,2053311220,93
tt3748528,Star Wars,Rogue One: A Star Wars Story,12/16/16,1049102856,84
tt2527336,Star Wars,Star Wars: Episode VIII - The Last Jedi,12/15/17,1316721747,91
tt3778644,Star Wars,Solo: A Star Wars Story,5/25/18,393151347,70
tt0462590,Step Up,Step Up,8/11/06,110989157,20
tt1023481,Step Up,Step Up 2: The Streets,2/14/08,148586910,27
tt1193631,Step Up,Step Up 3D,8/6/10,165889117,46
tt1800741,Step Up,Step Up Revolution,7/27/12,165552290,43
tt2626350,Step Up,Step Up All In,8/8/14,77804384,41
tt0078346,Superman,Superman,12/15/78,300200000,94
tt0081573,Superman,Superman II,6/19/81,108185706,85
tt0086393,Superman,Superman III,6/17/83,59950623,24
tt0094074,Superman,Superman IV: The Quest for Peace,7/24/87,11227824,12
tt0348150,Superman,Superman Returns,6/28/06,374085065,75
tt0770828,Superman,Man of Steel,6/14/13,667999518,56
tt2975590,Superman,Batman v Superman: Dawn of Justice,3/25/16,867500281,27
tt0100758,Teenage Mutant Ninja Turtles,Teenage Mutant Ninja Turtles,3/30/90,202000000,40
tt0103060,Teenage Mutant Ninja Turtles,Teenage Mutant Ninja Turtles II: The Secret of the Ooze,3/22/91,78656813,32
tt0108308,Teenage Mutant Ninja Turtles,Teenage Mutant Ninja Turtles III,3/19/93,42273609,23
tt0453556,Teenage Mutant Ninja Turtles,TMNT,3/23/07,96096018,34
tt1291150,Teenage Mutant Ninja Turtles,Teenage Mutant Ninja Turtles,8/8/14,485004754,22
tt3949660,Teenage Mutant Ninja Turtles,Teenage Mutant Ninja Turtles: Out of the Shadows,6/3/16,245328374,37
tt0088247,Terminator,The Terminator,10/26/84,78019031,100
tt0103064,Terminator,Terminator 2: Judgment Day,7/2/91,515419827,93
tt0181852,Terminator,Terminator 3: Rise of the Machines,7/1/03,433058296,69
tt0438488,Terminator,Terminator Salvation,5/21/09,365491792,33
tt1340138,Terminator,Terminator Genisys,7/1/15,432150894,26
tt0072271,Texas Chainsaw Massacre,The Texas Chainsaw Massacre,10/18/74,26572439,88
tt0092076,Texas Chainsaw Massacre,The Texas Chainsaw Massacre 2,8/22/86,8025872,47
tt0099994,Texas Chainsaw Massacre,Leatherface: Texas Chainsaw Massacre III,1/12/90,5697588,19
tt0110978,Texas Chainsaw Massacre,Texas Chainsaw Massacre: The Next Generation,8/29/97,94558,15
tt0324216,Texas Chainsaw Massacre,The Texas Chainsaw Massacre,10/17/03,107967319,37
tt0420294,Texas Chainsaw Massacre,The Texas Chainsaw Massacre: The Beginning,10/6/06,50517763,12
tt1572315,Texas Chainsaw Massacre,Texas Chainsaw 3D,1/4/13,47666013,18
tt1457767,The Conjuring,The Conjuring,7/19/13,318000141,86
tt3322940,The Conjuring,Annabelle,10/3/14,256862920,29
tt3065204,The Conjuring,The Conjuring 2,6/10/16,311262102,80
tt5140878,The Conjuring,Annabelle: Creation,8/11/17,305384865,70
tt5814060,The Conjuring,The Nun,9/7/18,363676447,26
tt0070047,The Exorcist,The Exorcist,12/26/73,428214478,85
tt0076009,The Exorcist,Exorcist II: The Heretic,6/17/77,25011000,17
tt0099528,The Exorcist,The Exorcist III,8/17/90,25011739,56
tt0204313,The Exorcist,Exorcist: The Beginning,8/20/04,43957541,11
tt0449086,The Exorcist,Dominion: Prequel to the Exorcist,5/20/05,251495,30
tt1392170,The Hunger Games,The Hunger Games,3/23/12,677923379,84
tt1951264,The Hunger Games,The Hunger Games: Catching Fire,11/22/13,864868047,89
tt1951265,The Hunger Games,The Hunger Games: Mockingjay - Part 1,11/21/14,766575131,68
tt1951266,The Hunger Games,The Hunger Games: Mockingjay - Part 2,11/20/15,648986787,70
tt0120737,The Lord of the Rings,The Lord of the Rings: The Fellowship of the Ring,12/19/01,887210985,91
tt0167261,The Lord of the Rings,The Lord of the Rings: The Two Towers,12/18/02,934699645,95
tt0167260,The Lord of the Rings,The Lord of the Rings: The Return of the King,12/17/03,1141403341,93
tt0903624,The Lord of the Rings,The Hobbit: An Unexpected Journey,12/14/12,1017003568,65
tt1170358,The Lord of the Rings,The Hobbit: The Desolation of Smaug,12/13/13,960366855,74
tt2310332,The Lord of the Rings,The Hobbit: The Battle of the Five Armies,12/17/14,945577621,59
tt0120616,The Mummy,The Mummy,5/7/99,416385488,58
tt0209163,The Mummy,The Mummy Returns,5/4/01,435040395,47
tt0277296,The Mummy,The Scorpion King,4/19/02,165890634,41
tt0859163,The Mummy,The Mummy: Tomb of the Dragon Emperor,8/1/08,405760225,13
tt0383216,The Pink Panther,The Pink Panther,3/20/64,10878107,21
tt0058586,The Pink Panther,A Shot in the Dark,6/23/64,12368234,93
tt0072081,The Pink Panther,The Return of the Pink Panther,5/16/75,41833347,89
tt0075066,The Pink Panther,The Pink Panther Strikes Again,12/15/76,33833201,83
tt0078163,The Pink Panther,Revenge of the Pink Panther,7/21/78,37337746,78
tt0084814,The Pink Panther,Trail of the Pink Panther,12/17/82,7201697,25
tt0085384,The Pink Panther,Curse of the Pink Panther,8/12/83,3374312,29
tt0108187,The Pink Panther,Son of the Pink Panther,8/27/93,2457574,6
tt0383216,The Pink Panther,The Pink Panther,2/10/06,158926474,21
tt0838232,The Pink Panther,The Pink Panther 2,2/6/09,70022978,12
tt2184339,The Purge,The Purge,6/7/13,91266581,39
tt2975578,The Purge,The Purge: Anarchy,7/18/14,111534881,56
tt4094724,The Purge,The Purge: Election Year,7/1/16,118514727,54
tt6133466,The Purge,The First Purge,7/4/18,136617305,54
tt0092106,Transformers,The Transformers: The Movie,8/8/86,5849647,57
tt0418279,Transformers,Transformers,7/2/07,708272592,57
tt1055369,Transformers,Transformers: Revenge of the Fallen,6/24/09,836519699,19
tt1399103,Transformers,Transformers: Dark of the Moon,6/29/11,1123790543,35
tt2109248,Transformers,Transformers: Age of Extinction,6/27/14,1104039076,18
tt3371366,Transformers,Transformers: The Last Knight,6/21/17,602893340,15
tt4701182,Transformers,Bumblebee,12/21/18,458341878,93
tt0293662,Transporter,The Transporter,10/11/02,43928932,54
tt1129442,Transporter,Transporter 3,11/26/08,107235592,38
tt2938956,Transporter,The Transporter Refueled,9/4/15,69698495,16
tt1099212,Twilight,Twilight,11/21/08,402280159,49
tt1259571,Twilight,The Twilight Saga: New Moon,11/20/09,687557727,28
tt1325004,Twilight,The Twilight Saga: Eclipse,6/30/10,706102828,48
tt1324999,Twilight,The Twilight Saga: Breaking Dawn - Part 1,11/18/11,689420051,25
tt1673434,Twilight,The Twilight Saga: Breaking Dawn - Part 2,11/16/12,829724737,49
tt0320691,Underworld,Underworld,9/19/03,95708457,31
tt0401855,Underworld,Underworld: Evolution,1/20/06,113417762,16
tt0834001,Underworld,Underworld: Rise of the Lycans,1/23/09,89102315,29
tt1496025,Underworld,Underworld Awakening,1/20/12,160379930,27
tt3717252,Underworld,Underworld: Blood Wars,1/6/17,81209222,20
tt0120903,X-Men,X-Men,7/14/00,296872367,81
tt0290334,X-Men,X2: X-Men United,5/2/03,406875536,85
tt0376994,X-Men,X-Men: The Last Stand,5/26/06,459260946,58
tt0458525,X-Men,X-Men Origins: Wolverine,5/1/09,374825760,37
tt1270798,X-Men,X-Men: First Class,6/3/11,355408305,86
tt1430132,X-Men,The Wolverine,7/26/13,416456852,70
tt1877832,X-Men,X-Men: Days of Future Past,5/23/14,747862775,90
tt1431045,X-Men,Deadpool,2/12/16,801025593,84
tt3385516,X-Men,X-Men: Apocalypse,5/27/16,542537546,48
tt3315342,X-Men,Logan,3/3/17,615461394,93
tt5463162,X-Men,Deadpool 2,5/18/18,786680557,83